Workbook

Sheet 假日清單(每年需要更新)
A1: 日期 | B1: 節日名稱
A2: 46023 | B2: 元旦
A3: 46069 | B3: 春節連假(小年夜)
A4: 46070 | B4: 春節連假(除夕)
A5: 46071 | B5: 春節連假(初一)
A6: 46072 | B6: 春節連假(初二)
A7: 46073 | B7: 春節連假(初三)
A8: 46074 | B8: 春節連假(初四補假)
A9: 46075 | B9: 春節連假(初五補假)
A10: 46076 | B10: 春節連假(調整放假)
A11: 46081 | B11: 和平紀念日
A12: 46115 | B12: 兒童節/清明連假
A13: 46116 | B13: 清明節/清明連假
... A19: 46305 | B19: 國慶日

Sheet 加班費計算表
B1: =YEAR(EDATE(TODAY(), -1)) -> 2026 | C1: 年 | D1: =MONTH(EDATE(TODAY(), -1)) -> 4 | E1: 月 | F1: 薪資計算
A2: 員工姓名 | B2: 日期 | C2: 星期 | D2: 下班 | E2: 上班 | F2: 加班時數 | G2: 加班費 | H2: 異常 | I2: 備註
B3: {=_xlfn.SEQUENCE(DAY(EOMONTH(DATE($B$1,$D$1,1),0)), 1, DATE($B$1,$D$1,1), 1)} -> 46113 | C3: =TEXT(B3, "[$-zh-TW]aaaa") -> 星期三 | D3: 0.77083333 | E3: 0.375 | F3: =IF(OR(D3="", E3=""), "無加班", IF(OR(COUNTIF('假日清單(每年需要更新)'!$A:$A, B3)>0, WEEKDAY(B3, 2)>5), IF(INT(TEXT(D3-E3, "[m]")/30)*0.5=0, "無加班", INT(TEXT(D3-E3, "[m]")/30)*0.5), IF(D3<=TIME(18,30,0), "無加班", IF(INT(TEXT(D3-TIME(18,30,0), "[m]")/30)*0.5=0, "無加班", INT(TEXT(D3-TIME(18,30,0), "[m]")/30)*0.5)))) -> 無加班 | H3: =IF(I3<>"","正常",IF(ISBLANK(E3),"",IF(E3>"10:00"*1,"遲到",IF(D3<"18:00"*1,"早退","正常")))) -> 正常 | I3: =IF(COUNTIF('假日清單(每年需要更新)'!$A:$A, B3)>0, VLOOKUP(B3, '假日清單(每年需要更新)'!$A:$B, 2, FALSE), IF(WEEKDAY(B3, 2)>5, "假日", ""))
B4: 46114 | C4: =TEXT(B4, "[$-zh-TW]aaaa") -> 星期四 | F4: =IF(OR(D4="", E4=""), "無加班", IF(OR(COUNTIF('假日清單(每年需要更新)'!$A:$A, B4)>0, WEEKDAY(B4, 2)>5), IF(INT(TEXT(D4-E4, "[m]")/30)*0.5=0, "無加班", INT(TEXT(D4-E4, "[m]")/30)*0.5), IF(D4<=TIME(18,30,0), "無加班", IF(INT(TEXT(D4-TIME(18,30,0), "[m]")/30)*0.5=0, "無加班", INT(TEXT(D4-TIME(18,30,0), "[m]")/30)*0.5)))) -> 無加班 | H4: =IF(I4<>"","正常",IF(ISBLANK(E4),"",IF(E4>"10:00"*1,"遲到",IF(D4<"18:00"*1,"早退","正常")))) | I4: =IF(COUNTIF('假日清單(每年需要更新)'!$A:$A, B4)>0, VLOOKUP(B4, '假日清單(每年需要更新)'!$A:$B, 2, FALSE), IF(WEEKDAY(B4, 2)>5, "假日", ""))
B5: 46115 | C5: =TEXT(B5, "[$-zh-TW]aaaa") -> 星期五 | F5: =IF(OR(D5="", E5=""), "無加班", IF(OR(COUNTIF('假日清單(每年需要更新)'!$A:$A, B5)>0, WEEKDAY(B5, 2)>5), IF(INT(TEXT(D5-E5, "[m]")/30)*0.5=0, "無加班", INT(TEXT(D5-E5, "[m]")/30)*0.5), IF(D5<=TIME(18,30,0), "無加班", IF(INT(TEXT(D5-TIME(18,30,0), "[m]")/30)*0.5=0, "無加班", INT(TEXT(D5-TIME(18,30,0), "[m]")/30)*0.5)))) -> 無加班 | H5: =IF(I5<>"","正常",IF(ISBLANK(E5),"",IF(E5>"10:00"*1,"遲到",IF(D5<"18:00"*1,"早退","正常")))) -> 正常 | I5: =IF(COUNTIF('假日清單(每年需要更新)'!$A:$A, B5)>0, VLOOKUP(B5, '假日清單(每年需要更新)'!$A:$B, 2, FALSE), IF(WEEKDAY(B5, 2)>5, "假日", "")) -> 兒童節/清明連假
B6: 46116 | C6: =TEXT(B6, "[$-zh-TW]aaaa") -> 星期六 | F6: =IF(OR(D6="", E6=""), "無加班", IF(OR(COUNTIF('假日清單(每年需要更新)'!$A:$A, B6)>0, WEEKDAY(B6, 2)>5), IF(INT(TEXT(D6-E6, "[m]")/30)*0.5=0, "無加班", INT(TEXT(D6-E6, "[m]")/30)*0.5), IF(D6<=TIME(18,30,0), "無加班", IF(INT(TEXT(D6-TIME(18,30,0), "[m]")/30)*0.5=0, "無加班", INT(TEXT(D6-TIME(18,30,0), "[m]")/30)*0.5)))) -> 無加班 | H6: =IF(I6<>"","正常",IF(ISBLANK(E6),"",IF(E6>"10:00"*1,"遲到",IF(D6<"18:00"*1,"早退","正常")))) -> 正常 | I6: =IF(COUNTIF('假日清單(每年需要更新)'!$A:$A, B6)>0, VLOOKUP(B6, '假日清單(每年需要更新)'!$A:$B, 2, FALSE), IF(WEEKDAY(B6, 2)>5, "假日", "")) -> 清明節/清明連假
B7: 46117 | C7: =TEXT(B7, "[$-zh-TW]aaaa") -> 星期日 | F7: =IF(OR(D7="", E7=""), "無加班", IF(OR(COUNTIF('假日清單(每年需要更新)'!$A:$A, B7)>0, WEEKDAY(B7, 2)>5), IF(INT(TEXT(D7-E7, "[m]")/30)*0.5=0, "無加班", INT(TEXT(D7-E7, "[m]")/30)*0.5), IF(D7<=TIME(18,30,0), "無加班", IF(INT(TEXT(D7-TIME(18,30,0), "[m]")/30)*0.5=0, "無加班", INT(TEXT(D7-TIME(18,30,0), "[m]")/30)*0.5)))) -> 無加班 | H7: =IF(I7<>"","正常",IF(ISBLANK(E7),"",IF(E7>"10:00"*1,"遲到",IF(D7<"18:00"*1,"早退","正常")))) -> 正常 | I7: =IF(COUNTIF('假日清單(每年需要更新)'!$A:$A, B7)>0, VLOOKUP(B7, '假日清單(每年需要更新)'!$A:$B, 2, FALSE), IF(WEEKDAY(B7, 2)>5, "假日", "")) -> 清明連假
B8: 46118 | C8: =TEXT(B8, "[$-zh-TW]aaaa") -> 星期一 | F8: =IF(OR(D8="", E8=""), "無加班", IF(OR(COUNTIF('假日清單(每年需要更新)'!$A:$A, B8)>0, WEEKDAY(B8, 2)>5), IF(INT(TEXT(D8-E8, "[m]")/30)*0.5=0, "無加班", INT(TEXT(D8-E8, "[m]")/30)*0.5), IF(D8<=TIME(18,30,0), "無加班", IF(INT(TEXT(D8-TIME(18,30,0), "[m]")/30)*0.5=0, "無加班", INT(TEXT(D8-TIME(18,30,0), "[m]")/30)*0.5)))) -> 無加班 | H8: =IF(I8<>"","正常",IF(ISBLANK(E8),"",IF(E8>"10:00"*1,"遲到",IF(D8<"18:00"*1,"早退","正常")))) -> 正常 | I8: =IF(COUNTIF('假日清單(每年需要更新)'!$A:$A, B8)>0, VLOOKUP(B8, '假日清單(每年需要更新)'!$A:$B, 2, FALSE), IF(WEEKDAY(B8, 2)>5, "假日", "")) -> 清明連假(補假)
B9: 46119 | C9: =TEXT(B9, "[$-zh-TW]aaaa") -> 星期二 | F9: =IF(OR(D9="", E9=""), "無加班", IF(OR(COUNTIF('假日清單(每年需要更新)'!$A:$A, B9)>0, WEEKDAY(B9, 2)>5), IF(INT(TEXT(D9-E9, "[m]")/30)*0.5=0, "無加班", INT(TEXT(D9-E9, "[m]")/30)*0.5), IF(D9<=TIME(18,30,0), "無加班", IF(INT(TEXT(D9-TIME(18,30,0), "[m]")/30)*0.5=0, "無加班", INT(TEXT(D9-TIME(18,30,0), "[m]")/30)*0.5)))) -> 無加班 | H9: =IF(I9<>"","正常",IF(ISBLANK(E9),"",IF(E9>"10:00"*1,"遲到",IF(D9<"18:00"*1,"早退","正常")))) | I9: =IF(COUNTIF('假日清單(每年需要更新)'!$A:$A, B9)>0, VLOOKUP(B9, '假日清單(每年需要更新)'!$A:$B, 2, FALSE), IF(WEEKDAY(B9, 2)>5, "假日", ""))
B10: 46120 | C10: =TEXT(B10, "[$-zh-TW]aaaa") -> 星期三 | F10: =IF(OR(D10="", E10=""), "無加班", IF(OR(COUNTIF('假日清單(每年需要更新)'!$A:$A, B10)>0, WEEKDAY(B10, 2)>5), IF(INT(TEXT(D10-E10, "[m]")/30)*0.5=0, "無加班", INT(TEXT(D10-E10, "[m]")/30)*0.5), IF(D10<=TIME(18,30,0), "無加班", IF(INT(TEXT(D10-TIME(18,30,0), "[m]")/30)*0.5=0, "無加班", INT(TEXT(D10-TIME(18,30,0), "[m]")/30)*0.5)))) -> 無加班 | H10: =IF(I10<>"","正常",IF(ISBLANK(E10),"",IF(E10>"10:00"*1,"遲到",IF(D10<"18:00"*1,"早退","正常")))) | I10: =IF(COUNTIF('假日清單(每年需要更新)'!$A:$A, B10)>0, VLOOKUP(B10, '假日清單(每年需要更新)'!$A:$B, 2, FALSE), IF(WEEKDAY(B10, 2)>5, "假日", ""))
B11: 46121 | C11: =TEXT(B11, "[$-zh-TW]aaaa") -> 星期四 | F11: =IF(OR(D11="", E11=""), "無加班", IF(OR(COUNTIF('假日清單(每年需要更新)'!$A:$A, B11)>0, WEEKDAY(B11, 2)>5), IF(INT(TEXT(D11-E11, "[m]")/30)*0.5=0, "無加班", INT(TEXT(D11-E11, "[m]")/30)*0.5), IF(D11<=TIME(18,30,0), "無加班", IF(INT(TEXT(D11-TIME(18,30,0), "[m]")/30)*0.5=0, "無加班", INT(TEXT(D11-TIME(18,30,0), "[m]")/30)*0.5)))) -> 無加班 | H11: =IF(I11<>"","正常",IF(ISBLANK(E11),"",IF(E11>"10:00"*1,"遲到",IF(D11<"18:00"*1,"早退","正常")))) | I11: =IF(COUNTIF('假日清單(每年需要更新)'!$A:$A, B11)>0, VLOOKUP(B11, '假日清單(每年需要更新)'!$A:$B, 2, FALSE), IF(WEEKDAY(B11, 2)>5, "假日", ""))
B12: 46122 | C12: =TEXT(B12, "[$-zh-TW]aaaa") -> 星期五 | F12: =IF(OR(D12="", E12=""), "無加班", IF(OR(COUNTIF('假日清單(每年需要更新)'!$A:$A, B12)>0, WEEKDAY(B12, 2)>5), IF(INT(TEXT(D12-E12, "[m]")/30)*0.5=0, "無加班", INT(TEXT(D12-E12, "[m]")/30)*0.5), IF(D12<=TIME(18,30,0), "無加班", IF(INT(TEXT(D12-TIME(18,30,0), "[m]")/30)*0.5=0, "無加班", INT(TEXT(D12-TIME(18,30,0), "[m]")/30)*0.5)))) -> 無加班 | H12: =IF(I12<>"","正常",IF(ISBLANK(E12),"",IF(E12>"10:00"*1,"遲到",IF(D12<"18:00"*1,"早退","正常")))) | I12: =IF(COUNTIF('假日清單(每年需要更新)'!$A:$A, B12)>0, VLOOKUP(B12, '假日清單(每年需要更新)'!$A:$B, 2, FALSE), IF(WEEKDAY(B12, 2)>5, "假日", ""))
B13: 46123 | C13: =TEXT(B13, "[$-zh-TW]aaaa") -> 星期六 | F13: =IF(OR(D13="", E13=""), "無加班", IF(OR(COUNTIF('假日清單(每年需要更新)'!$A:$A, B13)>0, WEEKDAY(B13, 2)>5), IF(INT(TEXT(D13-E13, "[m]")/30)*0.5=0, "無加班", INT(TEXT(D13-E13, "[m]")/30)*0.5), IF(D13<=TIME(18,30,0), "無加班", IF(INT(TEXT(D13-TIME(18,30,0), "[m]")/30)*0.5=0, "無加班", INT(TEXT(D13-TIME(18,30,0), "[m]")/30)*0.5)))) -> 無加班 | H13: =IF(I13<>"","正常",IF(ISBLANK(E13),"",IF(E13>"10:00"*1,"遲到",IF(D13<"18:00"*1,"早退","正常")))) -> 正常 | I13: =IF(COUNTIF('假日清單(每年需要更新)'!$A:$A, B13)>0, VLOOKUP(B13, '假日清單(每年需要更新)'!$A:$B, 2, FALSE), IF(WEEKDAY(B13, 2)>5, "假日", "")) -> 假日
B14: 46124 | C14: =TEXT(B14, "[$-zh-TW]aaaa") -> 星期日 | F14: =IF(OR(D14="", E14=""), "無加班", IF(OR(COUNTIF('假日清單(每年需要更新)'!$A:$A, B14)>0, WEEKDAY(B14, 2)>5), IF(INT(TEXT(D14-E14, "[m]")/30)*0.5=0, "無加班", INT(TEXT(D14-E14, "[m]")/30)*0.5), IF(D14<=TIME(18,30,0), "無加班", IF(INT(TEXT(D14-TIME(18,30,0), "[m]")/30)*0.5=0, "無加班", INT(TEXT(D14-TIME(18,30,0), "[m]")/30)*0.5)))) -> 無加班 | H14: =IF(I14<>"","正常",IF(ISBLANK(E14),"",IF(E14>"10:00"*1,"遲到",IF(D14<"18:00"*1,"早退","正常")))) -> 正常 | I14: =IF(COUNTIF('假日清單(每年需要更新)'!$A:$A, B14)>0, VLOOKUP(B14, '假日清單(每年需要更新)'!$A:$B, 2, FALSE), IF(WEEKDAY(B14, 2)>5, "假日", "")) -> 假日
B15: 46125 | C15: =TEXT(B15, "[$-zh-TW]aaaa") -> 星期一 | F15: =IF(OR(D15="", E15=""), "無加班", IF(OR(COUNTIF('假日清單(每年需要更新)'!$A:$A, B15)>0, WEEKDAY(B15, 2)>5), IF(INT(TEXT(D15-E15, "[m]")/30)*0.5=0, "無加班", INT(TEXT(D15-E15, "[m]")/30)*0.5), IF(D15<=TIME(18,30,0), "無加班", IF(INT(TEXT(D15-TIME(18,30,0), "[m]")/30)*0.5=0, "無加班", INT(TEXT(D15-TIME(18,30,0), "[m]")/30)*0.5)))) -> 無加班 | H15: =IF(I15<>"","正常",IF(ISBLANK(E15),"",IF(E15>"10:00"*1,"遲到",IF(D15<"18:00"*1,"早退","正常")))) | I15: =IF(COUNTIF('假日清單(每年需要更新)'!$A:$A, B15)>0, VLOOKUP(B15, '假日清單(每年需要更新)'!$A:$B, 2, FALSE), IF(WEEKDAY(B15, 2)>5, "假日", ""))
... B32: 46142 | C32: =TEXT(B32, "[$-zh-TW]aaaa") -> 星期四 | F32: =IF(OR(D32="", E32=""), "無加班", IF(OR(COUNTIF('假日清單(每年需要更新)'!$A:$A, B32)>0, WEEKDAY(B32, 2)>5), IF(INT(TEXT(D32-E32, "[m]")/30)*0.5=0, "無加班", INT(TEXT(D32-E32, "[m]")/30)*0.5), IF(D32<=TIME(18,30,0), "無加班", IF(INT(TEXT(D32-TIME(18,30,0), "[m]")/30)*0.5=0, "無加班", INT(TEXT(D32-TIME(18,30,0), "[m]")/30)*0.5)))) -> 無加班 | H32: =IF(I32<>"","正常",IF(ISBLANK(E32),"",IF(E32>"10:00"*1,"遲到",IF(D32<"18:00"*1,"早退","正常")))) | I32: =IF(COUNTIF('假日清單(每年需要更新)'!$A:$A, B32)>0, VLOOKUP(B32, '假日清單(每年需要更新)'!$A:$B, 2, FALSE), IF(WEEKDAY(B32, 2)>5, "假日", ""))
C33: =IF(B33="","",TEXT(B33, "[$-zh-TW]aaaa")) | F33: =IF(B33="","",IF(OR(D33="",E33=""),"無加班",IF(OR(COUNTIF('假日清單(每年需要更新)'!$A:$A,B33)>0,WEEKDAY(B33,2)>5),IF(INT(TEXT(D33-E33,"[m]")/30)*0.5=0,"無加班",INT(TEXT(D33-E33,"[m]")/30)*0.5),IF(D33<=TIME(18,30,0),"無加班",IF(INT(TEXT(D33-TIME(18,30,0),"[m]")/30)*0.5=0,"無加班",INT(TEXT(D33-TIME(18,30,0),"[m]")/30)*0.5))))) | H33: =IF(I33<>"","正常",IF(ISBLANK(E33),"",IF(E33>"10:00"*1,"遲到",IF(D33<"18:00"*1,"早退","正常")))) | I33: =IF(B33="","",IF(COUNTIF('假日清單(每年需要更新)'!$A:$A,B33)>0,VLOOKUP(B33,'假日清單(每年需要更新)'!$A:$B,2,FALSE),IF(WEEKDAY(B33,2)>5,"假日","")))
F34: =SUM(F3:F33) -> 0
A36: X月 | B36: 薪資總額

Sheet 測試-加班費計算表
B1: =YEAR(EDATE(TODAY(), -1)) -> 2026 | C1: 年 | D1: =MONTH(EDATE(TODAY(), -1)) -> 4 | E1: 月 | F1: 薪資計算
A2: 員工姓名 | B2: 日期 | C2: 星期 | D2: 下班 | E2: 上班 | F2: 加班時數 | G2: 加班費 | H2: 異常 | I2: 備註
B3: {=_xlfn.SEQUENCE(DAY(EOMONTH(DATE($B$1,$D$1,1),0)), 1, DATE($B$1,$D$1,1), 1)} -> 46113 | C3: =TEXT(B3, "[$-zh-TW]aaaa") -> 星期三 | D3: 0.73055556 | E3: 0.37013889 | F3: =IF(OR(D3="", E3=""), "無", IF(OR(COUNTIF('假日清單(每年需要更新)'!$A:$A, B3)>0, WEEKDAY(B3, 2)>5), IF(INT(TEXT(D3-E3, "[m]")/30)*0.5=0, "無", INT(TEXT(D3-E3, "[m]")/30)*0.5), IF(D3<=TIME(18,30,0), "無", IF(INT(TEXT(D3-TIME(18,30,0), "[m]")/30)*0.5=0, "無", INT(TEXT(D3-TIME(18,30,0), "[m]")/30)*0.5)))) -> 無 | H3: =IF(I3<>"","正常",IF(ISBLANK(E3),"",IF(E3>"10:00"*1,"遲到",IF(D3<"18:00"*1,"早退","正常")))) -> 早退 | I3: =IF(COUNTIF('假日清單(每年需要更新)'!$A:$A, B3)>0, VLOOKUP(B3, '假日清單(每年需要更新)'!$A:$B, 2, FALSE), IF(WEEKDAY(B3, 2)>5, "假日", ""))
B4: 46114 | C4: =TEXT(B4, "[$-zh-TW]aaaa") -> 星期四 | D4: 0.73333333 | E4: 0.36597222 | F4: =IF(OR(D4="", E4=""), "無", IF(OR(COUNTIF('假日清單(每年需要更新)'!$A:$A, B4)>0, WEEKDAY(B4, 2)>5), IF(INT(TEXT(D4-E4, "[m]")/30)*0.5=0, "無", INT(TEXT(D4-E4, "[m]")/30)*0.5), IF(D4<=TIME(18,30,0), "無", IF(INT(TEXT(D4-TIME(18,30,0), "[m]")/30)*0.5=0, "無", INT(TEXT(D4-TIME(18,30,0), "[m]")/30)*0.5)))) -> 無 | H4: =IF(I4<>"","正常",IF(ISBLANK(E4),"",IF(E4>"10:00"*1,"遲到",IF(D4<"18:00"*1,"早退","正常")))) -> 早退 | I4: =IF(COUNTIF('假日清單(每年需要更新)'!$A:$A, B4)>0, VLOOKUP(B4, '假日清單(每年需要更新)'!$A:$B, 2, FALSE), IF(WEEKDAY(B4, 2)>5, "假日", ""))
B5: 46115 | C5: =TEXT(B5, "[$-zh-TW]aaaa") -> 星期五 | D5: 0.75347222 | E5: 0.37638889 | F5: =IF(OR(D5="", E5=""), "無", IF(OR(COUNTIF('假日清單(每年需要更新)'!$A:$A, B5)>0, WEEKDAY(B5, 2)>5), IF(INT(TEXT(D5-E5, "[m]")/30)*0.5=0, "無", INT(TEXT(D5-E5, "[m]")/30)*0.5), IF(D5<=TIME(18,30,0), "無", IF(INT(TEXT(D5-TIME(18,30,0), "[m]")/30)*0.5=0, "無", INT(TEXT(D5-TIME(18,30,0), "[m]")/30)*0.5)))) -> 9 | H5: =IF(I5<>"","正常",IF(ISBLANK(E5),"",IF(E5>"10:00"*1,"遲到",IF(D5<"18:00"*1,"早退","正常")))) -> 正常 | I5: =IF(COUNTIF('假日清單(每年需要更新)'!$A:$A, B5)>0, VLOOKUP(B5, '假日清單(每年需要更新)'!$A:$B, 2, FALSE), IF(WEEKDAY(B5, 2)>5, "假日", "")) -> 兒童節/清明連假
B6: 46116 | C6: =TEXT(B6, "[$-zh-TW]aaaa") -> 星期六 | D6: 0.73680556 | E6: 0.37361111 | F6: =IF(OR(D6="", E6=""), "無", IF(OR(COUNTIF('假日清單(每年需要更新)'!$A:$A, B6)>0, WEEKDAY(B6, 2)>5), IF(INT(TEXT(D6-E6, "[m]")/30)*0.5=0, "無", INT(TEXT(D6-E6, "[m]")/30)*0.5), IF(D6<=TIME(18,30,0), "無", IF(INT(TEXT(D6-TIME(18,30,0), "[m]")/30)*0.5=0, "無", INT(TEXT(D6-TIME(18,30,0), "[m]")/30)*0.5)))) -> 8.5 | H6: =IF(I6<>"","正常",IF(ISBLANK(E6),"",IF(E6>"10:00"*1,"遲到",IF(D6<"18:00"*1,"早退","正常")))) -> 正常 | I6: =IF(COUNTIF('假日清單(每年需要更新)'!$A:$A, B6)>0, VLOOKUP(B6, '假日清單(每年需要更新)'!$A:$B, 2, FALSE), IF(WEEKDAY(B6, 2)>5, "假日", "")) -> 清明節/清明連假
B7: 46117 | C7: =TEXT(B7, "[$-zh-TW]aaaa") -> 星期日 | D7: 0.72777778 | E7: 0.36458333 | F7: =IF(OR(D7="", E7=""), "無", IF(OR(COUNTIF('假日清單(每年需要更新)'!$A:$A, B7)>0, WEEKDAY(B7, 2)>5), IF(INT(TEXT(D7-E7, "[m]")/30)*0.5=0, "無", INT(TEXT(D7-E7, "[m]")/30)*0.5), IF(D7<=TIME(18,30,0), "無", IF(INT(TEXT(D7-TIME(18,30,0), "[m]")/30)*0.5=0, "無", INT(TEXT(D7-TIME(18,30,0), "[m]")/30)*0.5)))) -> 8.5 | H7: =IF(I7<>"","正常",IF(ISBLANK(E7),"",IF(E7>"10:00"*1,"遲到",IF(D7<"18:00"*1,"早退","正常")))) -> 正常 | I7: =IF(COUNTIF('假日清單(每年需要更新)'!$A:$A, B7)>0, VLOOKUP(B7, '假日清單(每年需要更新)'!$A:$B, 2, FALSE), IF(WEEKDAY(B7, 2)>5, "假日", "")) -> 清明連假
B8: 46118 | C8: =TEXT(B8, "[$-zh-TW]aaaa") -> 星期一 | F8: =IF(OR(D8="", E8=""), "無", IF(OR(COUNTIF('假日清單(每年需要更新)'!$A:$A, B8)>0, WEEKDAY(B8, 2)>5), IF(INT(TEXT(D8-E8, "[m]")/30)*0.5=0, "無", INT(TEXT(D8-E8, "[m]")/30)*0.5), IF(D8<=TIME(18,30,0), "無", IF(INT(TEXT(D8-TIME(18,30,0), "[m]")/30)*0.5=0, "無", INT(TEXT(D8-TIME(18,30,0), "[m]")/30)*0.5)))) -> 無 | H8: =IF(I8<>"","正常",IF(ISBLANK(E8),"",IF(E8>"10:00"*1,"遲到",IF(D8<"18:00"*1,"早退","正常")))) -> 正常 | I8: =IF(COUNTIF('假日清單(每年需要更新)'!$A:$A, B8)>0, VLOOKUP(B8, '假日清單(每年需要更新)'!$A:$B, 2, FALSE), IF(WEEKDAY(B8, 2)>5, "假日", "")) -> 清明連假(補假)
B9: 46119 | C9: =TEXT(B9, "[$-zh-TW]aaaa") -> 星期二 | D9: 0.73958333 | E9: 0.38541667 | F9: =IF(OR(D9="", E9=""), "無", IF(OR(COUNTIF('假日清單(每年需要更新)'!$A:$A, B9)>0, WEEKDAY(B9, 2)>5), IF(INT(TEXT(D9-E9, "[m]")/30)*0.5=0, "無", INT(TEXT(D9-E9, "[m]")/30)*0.5), IF(D9<=TIME(18,30,0), "無", IF(INT(TEXT(D9-TIME(18,30,0), "[m]")/30)*0.5=0, "無", INT(TEXT(D9-TIME(18,30,0), "[m]")/30)*0.5)))) -> 無 | H9: =IF(I9<>"","正常",IF(ISBLANK(E9),"",IF(E9>"10:00"*1,"遲到",IF(D9<"18:00"*1,"早退","正常")))) -> 早退 | I9: =IF(COUNTIF('假日清單(每年需要更新)'!$A:$A, B9)>0, VLOOKUP(B9, '假日清單(每年需要更新)'!$A:$B, 2, FALSE), IF(WEEKDAY(B9, 2)>5, "假日", ""))
B10: 46120 | C10: =TEXT(B10, "[$-zh-TW]aaaa") -> 星期三 | F10: =IF(OR(D10="", E10=""), "無", IF(OR(COUNTIF('假日清單(每年需要更新)'!$A:$A, B10)>0, WEEKDAY(B10, 2)>5), IF(INT(TEXT(D10-E10, "[m]")/30)*0.5=0, "無", INT(TEXT(D10-E10, "[m]")/30)*0.5), IF(D10<=TIME(18,30,0), "無", IF(INT(TEXT(D10-TIME(18,30,0), "[m]")/30)*0.5=0, "無", INT(TEXT(D10-TIME(18,30,0), "[m]")/30)*0.5)))) -> 無 | H10: =IF(I10<>"","正常",IF(ISBLANK(E10),"",IF(E10>"10:00"*1,"遲到",IF(D10<"18:00"*1,"早退","正常")))) | I10: =IF(COUNTIF('假日清單(每年需要更新)'!$A:$A, B10)>0, VLOOKUP(B10, '假日清單(每年需要更新)'!$A:$B, 2, FALSE), IF(WEEKDAY(B10, 2)>5, "假日", ""))
B11: 46121 | C11: =TEXT(B11, "[$-zh-TW]aaaa") -> 星期四 | D11: 0.73472222 | E11: 0.37152778 | F11: =IF(OR(D11="", E11=""), "無", IF(OR(COUNTIF('假日清單(每年需要更新)'!$A:$A, B11)>0, WEEKDAY(B11, 2)>5), IF(INT(TEXT(D11-E11, "[m]")/30)*0.5=0, "無", INT(TEXT(D11-E11, "[m]")/30)*0.5), IF(D11<=TIME(18,30,0), "無", IF(INT(TEXT(D11-TIME(18,30,0), "[m]")/30)*0.5=0, "無", INT(TEXT(D11-TIME(18,30,0), "[m]")/30)*0.5)))) -> 無 | H11: =IF(I11<>"","正常",IF(ISBLANK(E11),"",IF(E11>"10:00"*1,"遲到",IF(D11<"18:00"*1,"早退","正常")))) -> 早退 | I11: =IF(COUNTIF('假日清單(每年需要更新)'!$A:$A, B11)>0, VLOOKUP(B11, '假日清單(每年需要更新)'!$A:$B, 2, FALSE), IF(WEEKDAY(B11, 2)>5, "假日", ""))
B12: 46122 | C12: =TEXT(B12, "[$-zh-TW]aaaa") -> 星期五 | F12: =IF(OR(D12="", E12=""), "無", IF(OR(COUNTIF('假日清單(每年需要更新)'!$A:$A, B12)>0, WEEKDAY(B12, 2)>5), IF(INT(TEXT(D12-E12, "[m]")/30)*0.5=0, "無", INT(TEXT(D12-E12, "[m]")/30)*0.5), IF(D12<=TIME(18,30,0), "無", IF(INT(TEXT(D12-TIME(18,30,0), "[m]")/30)*0.5=0, "無", INT(TEXT(D12-TIME(18,30,0), "[m]")/30)*0.5)))) -> 無 | H12: =IF(I12<>"","正常",IF(ISBLANK(E12),"",IF(E12>"10:00"*1,"遲到",IF(D12<"18:00"*1,"早退","正常")))) | I12: =IF(COUNTIF('假日清單(每年需要更新)'!$A:$A, B12)>0, VLOOKUP(B12, '假日清單(每年需要更新)'!$A:$B, 2, FALSE), IF(WEEKDAY(B12, 2)>5, "假日", ""))
B13: 46123 | C13: =TEXT(B13, "[$-zh-TW]aaaa") -> 星期六 | D13: 0.74305556 | E13: 0.38055556 | F13: =IF(OR(D13="", E13=""), "無", IF(OR(COUNTIF('假日清單(每年需要更新)'!$A:$A, B13)>0, WEEKDAY(B13, 2)>5), IF(INT(TEXT(D13-E13, "[m]")/30)*0.5=0, "無", INT(TEXT(D13-E13, "[m]")/30)*0.5), IF(D13<=TIME(18,30,0), "無", IF(INT(TEXT(D13-TIME(18,30,0), "[m]")/30)*0.5=0, "無", INT(TEXT(D13-TIME(18,30,0), "[m]")/30)*0.5)))) -> 8.5 | H13: =IF(I13<>"","正常",IF(ISBLANK(E13),"",IF(E13>"10:00"*1,"遲到",IF(D13<"18:00"*1,"早退","正常")))) -> 正常 | I13: =IF(COUNTIF('假日清單(每年需要更新)'!$A:$A, B13)>0, VLOOKUP(B13, '假日清單(每年需要更新)'!$A:$B, 2, FALSE), IF(WEEKDAY(B13, 2)>5, "假日", "")) -> 假日
B14: 46124 | C14: =TEXT(B14, "[$-zh-TW]aaaa") -> 星期日 | D14: 0.72708333 | E14: 0.36527778 | F14: =IF(OR(D14="", E14=""), "無", IF(OR(COUNTIF('假日清單(每年需要更新)'!$A:$A, B14)>0, WEEKDAY(B14, 2)>5), IF(INT(TEXT(D14-E14, "[m]")/30)*0.5=0, "無", INT(TEXT(D14-E14, "[m]")/30)*0.5), IF(D14<=TIME(18,30,0), "無", IF(INT(TEXT(D14-TIME(18,30,0), "[m]")/30)*0.5=0, "無", INT(TEXT(D14-TIME(18,30,0), "[m]")/30)*0.5)))) -> 8.5 | H14: =IF(I14<>"","正常",IF(ISBLANK(E14),"",IF(E14>"10:00"*1,"遲到",IF(D14<"18:00"*1,"早退","正常")))) -> 正常 | I14: =IF(COUNTIF('假日清單(每年需要更新)'!$A:$A, B14)>0, VLOOKUP(B14, '假日清單(每年需要更新)'!$A:$B, 2, FALSE), IF(WEEKDAY(B14, 2)>5, "假日", "")) -> 假日
B15: 46125 | C15: =TEXT(B15, "[$-zh-TW]aaaa") -> 星期一 | F15: =IF(OR(D15="", E15=""), "無", IF(OR(COUNTIF('假日清單(每年需要更新)'!$A:$A, B15)>0, WEEKDAY(B15, 2)>5), IF(INT(TEXT(D15-E15, "[m]")/30)*0.5=0, "無", INT(TEXT(D15-E15, "[m]")/30)*0.5), IF(D15<=TIME(18,30,0), "無", IF(INT(TEXT(D15-TIME(18,30,0), "[m]")/30)*0.5=0, "無", INT(TEXT(D15-TIME(18,30,0), "[m]")/30)*0.5)))) -> 無 | H15: =IF(I15<>"","正常",IF(ISBLANK(E15),"",IF(E15>"10:00"*1,"遲到",IF(D15<"18:00"*1,"早退","正常")))) | I15: =IF(COUNTIF('假日清單(每年需要更新)'!$A:$A, B15)>0, VLOOKUP(B15, '假日清單(每年需要更新)'!$A:$B, 2, FALSE), IF(WEEKDAY(B15, 2)>5, "假日", ""))
B16: 46126 | C16: =TEXT(B16, "[$-zh-TW]aaaa") -> 星期二 | D16: 0.73125 | E16: 0.37291667 | F16: =IF(OR(D16="", E16=""), "無", IF(OR(COUNTIF('假日清單(每年需要更新)'!$A:$A, B16)>0, WEEKDAY(B16, 2)>5), IF(INT(TEXT(D16-E16, "[m]")/30)*0.5=0, "無", INT(TEXT(D16-E16, "[m]")/30)*0.5), IF(D16<=TIME(18,30,0), "無", IF(INT(TEXT(D16-TIME(18,30,0), "[m]")/30)*0.5=0, "無", INT(TEXT(D16-TIME(18,30,0), "[m]")/30)*0.5)))) -> 無 | H16: =IF(I16<>"","正常",IF(ISBLANK(E16),"",IF(E16>"10:00"*1,"遲到",IF(D16<"18:00"*1,"早退","正常")))) -> 早退 | I16: =IF(COUNTIF('假日清單(每年需要更新)'!$A:$A, B16)>0, VLOOKUP(B16, '假日清單(每年需要更新)'!$A:$B, 2, FALSE), IF(WEEKDAY(B16, 2)>5, "假日", ""))
B17: 46127 | C17: =TEXT(B17, "[$-zh-TW]aaaa") -> 星期三 | D17: 0.73263889 | E17: 0.36944444 | F17: =IF(OR(D17="", E17=""), "無", IF(OR(COUNTIF('假日清單(每年需要更新)'!$A:$A, B17)>0, WEEKDAY(B17, 2)>5), IF(INT(TEXT(D17-E17, "[m]")/30)*0.5=0, "無", INT(TEXT(D17-E17, "[m]")/30)*0.5), IF(D17<=TIME(18,30,0), "無", IF(INT(TEXT(D17-TIME(18,30,0), "[m]")/30)*0.5=0, "無", INT(TEXT(D17-TIME(18,30,0), "[m]")/30)*0.5)))) -> 無 | H17: =IF(I17<>"","正常",IF(ISBLANK(E17),"",IF(E17>"10:00"*1,"遲到",IF(D17<"18:00"*1,"早退","正常")))) -> 早退 | I17: =IF(COUNTIF('假日清單(每年需要更新)'!$A:$A, B17)>0, VLOOKUP(B17, '假日清單(每年需要更新)'!$A:$B, 2, FALSE), IF(WEEKDAY(B17, 2)>5, "假日", ""))
B18: 46128 | C18: =TEXT(B18, "[$-zh-TW]aaaa") -> 星期四 | F18: =IF(OR(D18="", E18=""), "無", IF(OR(COUNTIF('假日清單(每年需要更新)'!$A:$A, B18)>0, WEEKDAY(B18, 2)>5), IF(INT(TEXT(D18-E18, "[m]")/30)*0.5=0, "無", INT(TEXT(D18-E18, "[m]")/30)*0.5), IF(D18<=TIME(18,30,0), "無", IF(INT(TEXT(D18-TIME(18,30,0), "[m]")/30)*0.5=0, "無", INT(TEXT(D18-TIME(18,30,0), "[m]")/30)*0.5)))) -> 無 | H18: =IF(I18<>"","正常",IF(ISBLANK(E18),"",IF(E18>"10:00"*1,"遲到",IF(D18<"18:00"*1,"早退","正常")))) | I18: =IF(COUNTIF('假日清單(每年需要更新)'!$A:$A, B18)>0, VLOOKUP(B18, '假日清單(每年需要更新)'!$A:$B, 2, FALSE), IF(WEEKDAY(B18, 2)>5, "假日", ""))
B19: 46129 | C19: =TEXT(B19, "[$-zh-TW]aaaa") -> 星期五 | F19: =IF(OR(D19="", E19=""), "無", IF(OR(COUNTIF('假日清單(每年需要更新)'!$A:$A, B19)>0, WEEKDAY(B19, 2)>5), IF(INT(TEXT(D19-E19, "[m]")/30)*0.5=0, "無", INT(TEXT(D19-E19, "[m]")/30)*0.5), IF(D19<=TIME(18,30,0), "無", IF(INT(TEXT(D19-TIME(18,30,0), "[m]")/30)*0.5=0, "無", INT(TEXT(D19-TIME(18,30,0), "[m]")/30)*0.5)))) -> 無 | H19: =IF(I19<>"","正常",IF(ISBLANK(E19),"",IF(E19>"10:00"*1,"遲到",IF(D19<"18:00"*1,"早退","正常")))) | I19: =IF(COUNTIF('假日清單(每年需要更新)'!$A:$A, B19)>0, VLOOKUP(B19, '假日清單(每年需要更新)'!$A:$B, 2, FALSE), IF(WEEKDAY(B19, 2)>5, "假日", ""))
B20: 46130 | C20: =TEXT(B20, "[$-zh-TW]aaaa") -> 星期六 | F20: =IF(OR(D20="", E20=""), "無", IF(OR(COUNTIF('假日清單(每年需要更新)'!$A:$A, B20)>0, WEEKDAY(B20, 2)>5), IF(INT(TEXT(D20-E20, "[m]")/30)*0.5=0, "無", INT(TEXT(D20-E20, "[m]")/30)*0.5), IF(D20<=TIME(18,30,0), "無", IF(INT(TEXT(D20-TIME(18,30,0), "[m]")/30)*0.5=0, "無", INT(TEXT(D20-TIME(18,30,0), "[m]")/30)*0.5)))) -> 無 | H20: =IF(I20<>"","正常",IF(ISBLANK(E20),"",IF(E20>"10:00"*1,"遲到",IF(D20<"18:00"*1,"早退","正常")))) -> 正常 | I20: =IF(COUNTIF('假日清單(每年需要更新)'!$A:$A, B20)>0, VLOOKUP(B20, '假日清單(每年需要更新)'!$A:$B, 2, FALSE), IF(WEEKDAY(B20, 2)>5, "假日", "")) -> 假日
B21: 46131 | C21: =TEXT(B21, "[$-zh-TW]aaaa") -> 星期日 | F21: =IF(OR(D21="", E21=""), "無", IF(OR(COUNTIF('假日清單(每年需要更新)'!$A:$A, B21)>0, WEEKDAY(B21, 2)>5), IF(INT(TEXT(D21-E21, "[m]")/30)*0.5=0, "無", INT(TEXT(D21-E21, "[m]")/30)*0.5), IF(D21<=TIME(18,30,0), "無", IF(INT(TEXT(D21-TIME(18,30,0), "[m]")/30)*0.5=0, "無", INT(TEXT(D21-TIME(18,30,0), "[m]")/30)*0.5)))) -> 無 | H21: =IF(I21<>"","正常",IF(ISBLANK(E21),"",IF(E21>"10:00"*1,"遲到",IF(D21<"18:00"*1,"早退","正常")))) -> 正常 | I21: =IF(COUNTIF('假日清單(每年需要更新)'!$A:$A, B21)>0, VLOOKUP(B21, '假日清單(每年需要更新)'!$A:$B, 2, FALSE), IF(WEEKDAY(B21, 2)>5, "假日", "")) -> 假日
B22: 46132 | C22: =TEXT(B22, "[$-zh-TW]aaaa") -> 星期一 | F22: =IF(OR(D22="", E22=""), "無", IF(OR(COUNTIF('假日清單(每年需要更新)'!$A:$A, B22)>0, WEEKDAY(B22, 2)>5), IF(INT(TEXT(D22-E22, "[m]")/30)*0.5=0, "無", INT(TEXT(D22-E22, "[m]")/30)*0.5), IF(D22<=TIME(18,30,0), "無", IF(INT(TEXT(D22-TIME(18,30,0), "[m]")/30)*0.5=0, "無", INT(TEXT(D22-TIME(18,30,0), "[m]")/30)*0.5)))) -> 無 | H22: =IF(I22<>"","正常",IF(ISBLANK(E22),"",IF(E22>"10:00"*1,"遲到",IF(D22<"18:00"*1,"早退","正常")))) | I22: =IF(COUNTIF('假日清單(每年需要更新)'!$A:$A, B22)>0, VLOOKUP(B22, '假日清單(每年需要更新)'!$A:$B, 2, FALSE), IF(WEEKDAY(B22, 2)>5, "假日", ""))
B23: 46133 | C23: =TEXT(B23, "[$-zh-TW]aaaa") -> 星期二 | F23: =IF(OR(D23="", E23=""), "無", IF(OR(COUNTIF('假日清單(每年需要更新)'!$A:$A, B23)>0, WEEKDAY(B23, 2)>5), IF(INT(TEXT(D23-E23, "[m]")/30)*0.5=0, "無", INT(TEXT(D23-E23, "[m]")/30)*0.5), IF(D23<=TIME(18,30,0), "無", IF(INT(TEXT(D23-TIME(18,30,0), "[m]")/30)*0.5=0, "無", INT(TEXT(D23-TIME(18,30,0), "[m]")/30)*0.5)))) -> 無 | H23: =IF(I23<>"","正常",IF(ISBLANK(E23),"",IF(E23>"10:00"*1,"遲到",IF(D23<"18:00"*1,"早退","正常")))) | I23: =IF(COUNTIF('假日清單(每年需要更新)'!$A:$A, B23)>0, VLOOKUP(B23, '假日清單(每年需要更新)'!$A:$B, 2, FALSE), IF(WEEKDAY(B23, 2)>5, "假日", ""))
B24: 46134 | C24: =TEXT(B24, "[$-zh-TW]aaaa") -> 星期三 | F24: =IF(OR(D24="", E24=""), "無", IF(OR(COUNTIF('假日清單(每年需要更新)'!$A:$A, B24)>0, WEEKDAY(B24, 2)>5), IF(INT(TEXT(D24-E24, "[m]")/30)*0.5=0, "無", INT(TEXT(D24-E24, "[m]")/30)*0.5), IF(D24<=TIME(18,30,0), "無", IF(INT(TEXT(D24-TIME(18,30,0), "[m]")/30)*0.5=0, "無", INT(TEXT(D24-TIME(18,30,0), "[m]")/30)*0.5)))) -> 無 | H24: =IF(I24<>"","正常",IF(ISBLANK(E24),"",IF(E24>"10:00"*1,"遲到",IF(D24<"18:00"*1,"早退","正常")))) | I24: =IF(COUNTIF('假日清單(每年需要更新)'!$A:$A, B24)>0, VLOOKUP(B24, '假日清單(每年需要更新)'!$A:$B, 2, FALSE), IF(WEEKDAY(B24, 2)>5, "假日", ""))
B25: 46135 | C25: =TEXT(B25, "[$-zh-TW]aaaa") -> 星期四 | F25: =IF(OR(D25="", E25=""), "無", IF(OR(COUNTIF('假日清單(每年需要更新)'!$A:$A, B25)>0, WEEKDAY(B25, 2)>5), IF(INT(TEXT(D25-E25, "[m]")/30)*0.5=0, "無", INT(TEXT(D25-E25, "[m]")/30)*0.5), IF(D25<=TIME(18,30,0), "無", IF(INT(TEXT(D25-TIME(18,30,0), "[m]")/30)*0.5=0, "無", INT(TEXT(D25-TIME(18,30,0), "[m]")/30)*0.5)))) -> 無 | H25: =IF(I25<>"","正常",IF(ISBLANK(E25),"",IF(E25>"10:00"*1,"遲到",IF(D25<"18:00"*1,"早退","正常")))) | I25: =IF(COUNTIF('假日清單(每年需要更新)'!$A:$A, B25)>0, VLOOKUP(B25, '假日清單(每年需要更新)'!$A:$B, 2, FALSE), IF(WEEKDAY(B25, 2)>5, "假日", ""))
B26: 46136 | C26: =TEXT(B26, "[$-zh-TW]aaaa") -> 星期五 | F26: =IF(OR(D26="", E26=""), "無", IF(OR(COUNTIF('假日清單(每年需要更新)'!$A:$A, B26)>0, WEEKDAY(B26, 2)>5), IF(INT(TEXT(D26-E26, "[m]")/30)*0.5=0, "無", INT(TEXT(D26-E26, "[m]")/30)*0.5), IF(D26<=TIME(18,30,0), "無", IF(INT(TEXT(D26-TIME(18,30,0), "[m]")/30)*0.5=0, "無", INT(TEXT(D26-TIME(18,30,0), "[m]")/30)*0.5)))) -> 無 | H26: =IF(I26<>"","正常",IF(ISBLANK(E26),"",IF(E26>"10:00"*1,"遲到",IF(D26<"18:00"*1,"早退","正常")))) | I26: =IF(COUNTIF('假日清單(每年需要更新)'!$A:$A, B26)>0, VLOOKUP(B26, '假日清單(每年需要更新)'!$A:$B, 2, FALSE), IF(WEEKDAY(B26, 2)>5, "假日", ""))
B27: 46137 | C27: =TEXT(B27, "[$-zh-TW]aaaa") -> 星期六 | F27: =IF(OR(D27="", E27=""), "無", IF(OR(COUNTIF('假日清單(每年需要更新)'!$A:$A, B27)>0, WEEKDAY(B27, 2)>5), IF(INT(TEXT(D27-E27, "[m]")/30)*0.5=0, "無", INT(TEXT(D27-E27, "[m]")/30)*0.5), IF(D27<=TIME(18,30,0), "無", IF(INT(TEXT(D27-TIME(18,30,0), "[m]")/30)*0.5=0, "無", INT(TEXT(D27-TIME(18,30,0), "[m]")/30)*0.5)))) -> 無 | H27: =IF(I27<>"","正常",IF(ISBLANK(E27),"",IF(E27>"10:00"*1,"遲到",IF(D27<"18:00"*1,"早退","正常")))) -> 正常 | I27: =IF(COUNTIF('假日清單(每年需要更新)'!$A:$A, B27)>0, VLOOKUP(B27, '假日清單(每年需要更新)'!$A:$B, 2, FALSE), IF(WEEKDAY(B27, 2)>5, "假日", "")) -> 假日
B28: 46138 | C28: =TEXT(B28, "[$-zh-TW]aaaa") -> 星期日 | F28: =IF(OR(D28="", E28=""), "無", IF(OR(COUNTIF('假日清單(每年需要更新)'!$A:$A, B28)>0, WEEKDAY(B28, 2)>5), IF(INT(TEXT(D28-E28, "[m]")/30)*0.5=0, "無", INT(TEXT(D28-E28, "[m]")/30)*0.5), IF(D28<=TIME(18,30,0), "無", IF(INT(TEXT(D28-TIME(18,30,0), "[m]")/30)*0.5=0, "無", INT(TEXT(D28-TIME(18,30,0), "[m]")/30)*0.5)))) -> 無 | H28: =IF(I28<>"","正常",IF(ISBLANK(E28),"",IF(E28>"10:00"*1,"遲到",IF(D28<"18:00"*1,"早退","正常")))) -> 正常 | I28: =IF(COUNTIF('假日清單(每年需要更新)'!$A:$A, B28)>0, VLOOKUP(B28, '假日清單(每年需要更新)'!$A:$B, 2, FALSE), IF(WEEKDAY(B28, 2)>5, "假日", "")) -> 假日
B29: 46139 | C29: =TEXT(B29, "[$-zh-TW]aaaa") -> 星期一 | F29: =IF(OR(D29="", E29=""), "無", IF(OR(COUNTIF('假日清單(每年需要更新)'!$A:$A, B29)>0, WEEKDAY(B29, 2)>5), IF(INT(TEXT(D29-E29, "[m]")/30)*0.5=0, "無", INT(TEXT(D29-E29, "[m]")/30)*0.5), IF(D29<=TIME(18,30,0), "無", IF(INT(TEXT(D29-TIME(18,30,0), "[m]")/30)*0.5=0, "無", INT(TEXT(D29-TIME(18,30,0), "[m]")/30)*0.5)))) -> 無 | H29: =IF(I29<>"","正常",IF(ISBLANK(E29),"",IF(E29>"10:00"*1,"遲到",IF(D29<"18:00"*1,"早退","正常")))) | I29: =IF(COUNTIF('假日清單(每年需要更新)'!$A:$A, B29)>0, VLOOKUP(B29, '假日清單(每年需要更新)'!$A:$B, 2, FALSE), IF(WEEKDAY(B29, 2)>5, "假日", ""))
... B32: 46142 | C32: =TEXT(B32, "[$-zh-TW]aaaa") -> 星期四 | F32: =IF(OR(D32="", E32=""), "無", IF(OR(COUNTIF('假日清單(每年需要更新)'!$A:$A, B32)>0, WEEKDAY(B32, 2)>5), IF(INT(TEXT(D32-E32, "[m]")/30)*0.5=0, "無", INT(TEXT(D32-E32, "[m]")/30)*0.5), IF(D32<=TIME(18,30,0), "無", IF(INT(TEXT(D32-TIME(18,30,0), "[m]")/30)*0.5=0, "無", INT(TEXT(D32-TIME(18,30,0), "[m]")/30)*0.5)))) -> 無 | H32: =IF(I32<>"","正常",IF(ISBLANK(E32),"",IF(E32>"10:00"*1,"遲到",IF(D32<"18:00"*1,"早退","正常")))) | I32: =IF(COUNTIF('假日清單(每年需要更新)'!$A:$A, B32)>0, VLOOKUP(B32, '假日清單(每年需要更新)'!$A:$B, 2, FALSE), IF(WEEKDAY(B32, 2)>5, "假日", ""))
C33: =IF(B33="","",TEXT(B33, "[$-zh-TW]aaaa")) | F33: =IF(OR(D33="", E33=""), "無", IF(OR(COUNTIF('假日清單(每年需要更新)'!$A:$A, B33)>0, WEEKDAY(B33, 2)>5), IF(INT(TEXT(D33-E33, "[m]")/30)*0.5=0, "無", INT(TEXT(D33-E33, "[m]")/30)*0.5), IF(D33<=TIME(18,30,0), "無", IF(INT(TEXT(D33-TIME(18,30,0), "[m]")/30)*0.5=0, "無", INT(TEXT(D33-TIME(18,30,0), "[m]")/30)*0.5)))) -> 無 | H33: =IF(I33<>"","正常",IF(ISBLANK(E33),"",IF(E33>"10:00"*1,"遲到",IF(D33<"18:00"*1,"早退","正常")))) | I33: =IF(B33="","",IF(COUNTIF('假日清單(每年需要更新)'!$A:$A,B33)>0,VLOOKUP(B33,'假日清單(每年需要更新)'!$A:$B,2,FALSE),IF(WEEKDAY(B33,2)>5,"假日","")))
D34: 平均下班時間 | E34: 平均上班時間 | F34: 加班總時數 | G34: 總計加班費
D35: =AVERAGE(D3:D33) -> 0.7354798 | E35: =AVERAGE(E3:E33) -> 0.37234848 | F35: =SUM(F3:F33) -> 43 | G35: =SUM(G3:G33) -> 0

Sheet 工作表2
A1: 員工姓名 | B1: 加班總時 | C1: 加班費 | D1: 遲到 | E1: 早退
